DAT;TEMP;TEMPGL;ALLOKRLM;ALLOKSLP;RLMEE;RLMEEFW;RLMKORR;RLMKORREE
01.01.2016;3,63;2;563136;644472;432523;337770;479156;384403
02.01.2016;-0,47;0;646248;834360;499952;405252;561876;467176
03.01.2016;-1,51;-1;707352;876264;534164;441912;616625;524373
04.01.2016;-0,13;-0,29;772632;811752;563289;470669;684650;592030
05.01.2016;-1,14;-0,88;769464;903216;575197;482183;680970;587956
06.01.2016;-2,61;-1,81;752136;906912;586007;491318;676527;581838
07.01.2016;1,28;-0,17;757800;846792;557559;462884;669580;574905
08.01.2016;1,49;0,71;613392;782712;495112;401851;580277;487016
09.01.2016;0,98;0,92;642840;809232;510440;417601;571181;478342
10.01.2016;4,39;2,89;609552;664512;469753;375170;530585;436002
11.01.2016;3,65;3,35;607248;667224;455283;362065;534529;441311
12.01.2016;4,05;3,78;596832;671328;451774;357263;529860;435349
13.01.2016;2,8;3,35;651168;712704;477238;383633;562675;469070
14.01.2016;1,9;2,54;640248;752760;475707;381127;562115;467535
15.01.2016;0,68;1,51;650616;801456;485624;391253;568603;474232
16.01.2016;-0,4;0,41;642912;837744;495978;401287;558001;463310
17.01.2016;-2,27;-1,1;687672;903600;533323;438573;609501;514751
18.01.2016;-5,04;-3,3;790872;998928;577007;481220;701398;605611
19.01.2016;-3,47;-3,52;785184;987552;554414;459702;670288;575576
20.01.2016;-0,74;-2,14;718512;891432;534005;439297;636128;541420
21.01.2016;-6,07;-4,23;794640;1040736;567471;472756;688527;593812
22.01.2016;-2,09;-3,06;794448;940440;567831;473116;681421;586706
23.01.2016;4,37;0,91;640176;678480;478990;384355;543638;449003
24.01.2016;4,27;2,76;588096;689688;447023;352451;505689;411117
25.01.2016;5,8;4,68;539256;606936;403103;308612;467596;373105
26.01.2016;8,33;6,85;521064;465144;389911;295456;446591;352136
27.01.2016;10,41;8,83;482544;327744;374057;279624;426800;332367
28.01.2016;5,69;7,31;497688;529848;408460;313976;463967;369483
29.01.2016;7,19;7,3;595392;500760;458142;337358;524503;403719
30.01.2016;6,19;6,67;607992;503184;478195;336405;530659;388869
31.01.2016;5,3;5,82;619632;574560;491107;349224;548278;406395
01.02.2016;10,9;8,53;574560;342672;441651;298358;497655;354362
02.02.2016;8,03;8,31;572208;434256;407743;287429;487194;366880
03.02.2016;4,79;6,5;644064;586416;474926;354320;569226;448620
04.02.2016;3,78;5,09;668904;636216;487014;345557;587673;446216
05.02.2016;6,38;5,58;640440;535488;485852;359243;562453;435844
06.02.2016;7,7;6,63;574104;467376;455756;315889;500380;360513
07.02.2016;7,95;7,4;584928;452376;455240;315099;511244;371103
08.02.2016;8,01;7,84;632400;438264;464590;323568;553104;412082
09.02.2016;6,86;7,37;639576;490968;474300;333479;562970;422149
10.02.2016;4,78;5,98;636264;588888;490967;349142;563943;422118
11.02.2016;3,79;4,74;637944;631320;488943;354152;564868;430077
12.02.2016;2,24;3,3;658872;707616;493604;355116;582191;443703
13.02.2016;2,93;2,98;620760;684984;473287;367646;534702;429061
14.02.2016;3,63;3,27;579216;660960;439217;344564;504249;409596
15.02.2016;1,8;2,47;650016;753648;484706;389760;588391;493445
16.02.2016;-0,14;1,08;705696;822336;512456;417695;636056;541295
17.02.2016;1,07;1,02;741144;785496;551912;434814;662791;545693
18.02.2016;1,57;1,22;716352;767664;536259;395343;634345;493429
19.02.2016;2,39;1,83;624264;737232;474194;364564;554724;445094
20.02.2016;7,22;4,77;576432;505848;437516;342863;495642;400989
21.02.2016;10,38;7,88;509784;365040;391379;296901;439035;344557
22.02.2016;6,54;7,38;601488;512400;424812;330321;527870;433379
23.02.2016;3,92;5,7;664464;630576;491383;371596;585347;465560
24.02.2016;2,19;3,78;689664;698640;515757;375439;611080;470762
25.02.2016;1,56;2,37;683880;761448;523619;386760;616560;479701
26.02.2016;0,51;1,24;722184;800640;538612;401933;638355;501676
27.02.2016;1,06;1,06;626616;777504;476621;365444;546596;435419
28.02.2016;1,78;1,4;618744;746640;473519;380826;542004;449311
29.02.2016;0,97;1,17;724824;795792;510926;410677;633654;533405
01.03.2016;2,19;1,73;663120;763200;479774;384063;597234;501523
02.03.2016;4,35;3,15;624960;643440;454099;359437;551377;456715
03.03.2016;2,02;2,59;604392;732600;451954;358184;534742;440972
04.03.2016;3,73;3,25;574920;663360;430522;338350;507010;414838
05.03.2016;4,76;4,09;540600;607992;420496;325865;467111;372480
06.03.2016;3,8;3,93;589608;646608;443457;349325;505908;411776
07.03.2016;2,4;3,18;649392;723192;454418;360636;561769;467987
08.03.2016;2,63;2,87;643680;696768;451907;360298;550864;459255
09.03.2016;3,1;2,93;607008;697080;422567;333528;528674;439635
10.03.2016;3,38;3,14;613728;671016;450588;355851;534694;439957
11.03.2016;2,99;3,08;615672;690672;456477;361745;536123;441391
12.03.2016;2,74;2,92;595752;678936;458247;365298;517490;424541
13.03.2016;1,68;2,25;563640;741480;409364;350063;486477;427176
14.03.2016;3,45;2,85;566808;683400;403230;335355;491102;423227
15.03.2016;4,26;3,6;548832;640368;384984;321180;493337;429533
16.03.2016;2,93;3,27;584856;693408;407021;338543;507165;438687
17.03.2016;4,52;3,99;515400;615264;350635;302033;441394;392792
18.03.2016;6,2;5,19;527112;540864;363621;314665;446241;397285
19.03.2016;5,6;5,44;470208;553776;340326;293239;395111;348024
20.03.2016;5,88;5,76;504624;549600;350490;305858;429798;385166
21.03.2016;6,27;6,07;581232;531696;412926;331013;504872;422959
22.03.2016;5,78;5,91;570168;557112;436126;327612;515339;406825
23.03.2016;5,09;5,48;583392;575208;441861;332252;515468;405859
24.03.2016;6,19;5,85;565344;543288;415402;307274;494304;386176
25.03.2016;7,03;6,46;506496;506736;390767;296195;439548;344976
26.03.2016;7,67;7,13;449972;439185;343504;248981;378975;284452
27.03.2016;7,46;7,37;478608;451032;363485;272881;411846;321242
28.03.2016;9,48;8,54;484248;361272;361489;266985;406801;312297
29.03.2016;8,05;8,33;497016;430824;394230;286777;465635;358182
30.03.2016;8,37;8,37;475368;416544;388499;277734;455455;344690
31.03.2016;6,25;7,27;504912;513552;405383;294345;486493;375455
01.04.2016;6,35;6,71;498456;516408;380909;276994;432690;328775
02.04.2016;8,82;7,79;447792;398616;344908;250350;379122;284564
03.04.2016;12,92;10,51;397464;245112;299647;205373;325728;231454
04.04.2016;14,16;12,6;382248;204024;284105;184255;312887;213037
05.04.2016;14,53;13,84;384792;184536;283798;186747;315629;218578
06.04.2016;11,31;12,66;417240;265656;307552;201486;340612;234546
07.04.2016;8,14;10,24;468120;396024;348798;237652;392428;281282
08.04.2016;7,77;8,79;456888;414528;337023;233990;381764;278731
09.04.2016;8,99;8,71;426360;372984;315454;220886;350075;255507
10.04.2016;8,03;8,26;428400;412728;326041;231498;362848;268305
11.04.2016;9,35;8,84;452328;372864;355436;244889;408377;297830
12.04.2016;11,41;10,25;417216;285696;307314;203747;344495;240928
13.04.2016;11,6;11,01;408168;295104;306278;206040;340440;240202
14.04.2016;9,2;10,14;457104;364104;341636;231120;388852;278336
15.04.2016;10,46;10,34;438192;314976;324025;221692;366988;264655
16.04.2016;11,26;10,79;323592;288696;228772;164130;259603;194961
17.04.2016;7,36;8,94;313080;438720;208345;206386;244015;242056
18.04.2016;9,22;9,08;373752;377064;253091;215661;299202;261772
19.04.2016;8,92;8,95;406008;389064;286571;222904;333556;269889
20.04.2016;7,23;7,95;410448;470496;288891;225165;335273;271547
21.04.2016;8,9;8,48;384792;391560;265488;203270;310633;248415
22.04.2016;8,49;8,46;387480;404328;262844;206551;306327;250034
23.04.2016;5,89;7,07;409344;521520;287642;240102;328229;280689
24.04.2016;4,96;5,94;428544;566016;309314;261777;354277;306740
25.04.2016;5,84;5,79;435264;543192;319015;255778;370281;307044
26.04.2016;5,51;5,55;474912;565584;331149;267798;385374;322023
27.04.2016;6,08;5,82;487848;544656;342005;277877;400955;336827
28.04.2016;6,51;6,22;449688;518592;321888;257749;374709;310570
29.04.2016;8,78;7,6;395592;413448;274693;219309;325641;270257
30.04.2016;9,95;8,92;345312;348840;240404;192862;272956;225414
01.05.2016;10,45;9,83;332376;320088;227831;180298;258304;210771
02.05.2016;11,32;10,74;335544;278880;226639;170130;263578;207069
03.05.2016;10,22;10,53;325320;313272;234306;181403;266622;213719
04.05.2016;8,9;9,68;365592;366720;257146;196906;287828;227588
05.05.2016;11,53;10,64;304128;272496;210943;163403;232017;184477
06.05.2016;14,49;12,67;271440;186000;179564;132024;201846;154306
07.05.2016;15,13;14,06;249264;158736;163703;119699;182097;138093
08.05.2016;15,2;14,84;251184;149400;159873;116204;178892;135223
09.05.2016;15,84;15,48;247536;134112;154842;112561;181708;139427
10.05.2016;16,28;15,94;241248;121128;144654;104142;168591;128079
11.05.2016;16,47;16,25;217680;118032;140160;102435;165374;127649
12.05.2016;16,43;16,38;213336;120552;140188;100623;164578;125013
13.05.2016;14,49;15,39;257208;155688;151308;112044;186753;147489
14.05.2016;10,25;12,62;337896;283056;210181;163602;265192;218613
15.05.2016;9,8;10,99;367752;314616;233286;185754;291630;244098
16.05.2016;9,87;10,21;347016;318960;226582;179048;269722;222188
17.05.2016;10,65;10,3;324840;311832;232254;171969;270984;210699
18.05.2016;13,55;12,04;311448;215832;197607;166031;243737;212161
19.05.2016;14,86;13,62;312720;178968;183607;133774;242655;192822
20.05.2016;16,1;15,07;281688;146904;154778;109872;206374;161468
21.05.2016;17,05;16,27;189672;119880;85067;76718;124784;116435
22.05.2016;20,39;18,56;155424;81696;69558;69558;94739;94739
23.05.2016;17,49;18,11;190896;107856;91260;78699;120660;108099
24.05.2016;14,26;16,12;264216;153024;181426;145521;216573;180668
25.05.2016;16,03;16,04;287832;127368;187124;135478;218579;166933
26.05.2016;15,56;15,64;242712;136104;151662;108702;176420;133460
27.05.2016;15,42;15,46;251472;146640;152650;112275;177626;137251
28.05.2016;17,92;16,81;213864;105480;127228;90404;141105;104281
29.05.2016;19,15;18,09;202128;90336;119335;88864;134650;104179
30.05.2016;18,78;18,54;193368;90720;108340;81293;127865;100818
31.05.2016;19,71;19,27;172440;83760;107376;77635;127409;97668
01.06.2016;17,11;18,16;203256;108384;117041;87524;137910;108393
02.06.2016;18,49;18,3;213024;93048;118755;86929;142281;110455
03.06.2016;17,96;18,1;186000;97416;104899;77073;126454;98628
04.06.2016;18,95;18,5;161736;86520;101552;78194;115516;92158
05.06.2016;20,05;19,37;174768;78744;100234;73919;112408;86093
06.06.2016;18,78;19,09;187416;88488;98939;74617;116481;92159
07.06.2016;18,99;19,07;189288;89976;97193;74079;117392;94278
08.06.2016;18,8;18,93;151728;88080;100785;76228;118759;94202
09.06.2016;16,02;17,34;186720;121320;113451;84164;133515;104228
10.06.2016;15,52;16,32;205512;139104;121911;88421;139026;105536
11.06.2016;15,61;15,85;186840;136872;109716;81598;123774;95656
12.06.2016;17,01;16,37;196104;113544;122843;91404;140690;109251
13.06.2016;16,11;16,24;221328;126936;127157;94095;147897;114835
14.06.2016;16,67;16,5;213864;120504;127190;92957;146493;112260
15.06.2016;15,94;16,23;214440;129768;128959;95371;150795;117207
16.06.2016;18,1;17,2;191208;101472;122089;89264;142567;109742
17.06.2016;15,38;16,27;196944;139296;132843;98385;154479;120021
18.06.2016;16,85;16,56;194568;114480;124550;91146;138949;105545
19.06.2016;15,23;15,87;220704;143424;137268;102431;153900;119063
20.06.2016;17,38;16,6;198096;110760;120687;86762;140576;106651
21.06.2016;18,58;17,7;198408;94920;110623;80788;128654;98819
22.06.2016;19,79;18,84;193032;83616;102584;76576;121057;95049
23.06.2016;23,93;21,68;178008;63048;91962;67704;110364;86106
24.06.2016;25,75;23,99;163344;57600;83168;63574;99403;79809
25.06.2016;20,11;22,1;164976;71736;83503;60938;97844;75279
26.06.2016;17,9;19,94;175800;92592;97246;78366;111381;92501
27.06.2016;18,32;18,94;170784;91344;96530;71941;112994;88405
28.06.2016;17,55;17,97;161112;104496;89555;64572;125254;100271
29.06.2016;18,66;18,27;195168;90312;90838;71796;138239;119197
30.06.2016;18,96;18,65;187056;88584;93003;70816;134280;112093
01.07.2016;20,84;19,83;165312;75000;90957;69255;117516;95814
02.07.2016;15,98;17,85;172608;119472;99297;75854;129207;105764
03.07.2016;15,84;16,75;189912;118584;109778;84225;126965;101412
04.07.2016;17,35;17;187032;105480;109016;82622;128017;101623
05.07.2016;18,11;17,46;155136;97128;87220;66174;105608;84562
06.07.2016;15,54;16,49;162912;136776;106213;79779;127917;101483
07.07.2016;17,06;16,81;233880;110688;158145;112282;178810;132947
08.07.2016;18,74;17,82;165216;92472;94187;58889;112765;77467
09.07.2016;18,9;18,39;189456;89424;115228;78607;130486;93865
10.07.2016;23,25;21,08;169368;64152;101658;70229;111671;80242
11.07.2016;21,41;21,39;184944;70008;107107;72616;122274;87783
12.07.2016;19,71;20,58;168456;79944;84738;62260;103948;81470
13.07.2016;17,37;18,92;185232;102048;94988;69679;118871;93562
14.07.2016;15,73;17,08;217440;129072;121633;84936;147133;110436
15.07.2016;15,17;15,92;213576;141240;123682;93435;142259;112012
16.07.2016;18,56;17,2;171960;95376;98772;74184;110921;86333
17.07.2016;18,96;18,13;167808;88080;95714;72044;107255;83585
18.07.2016;19,7;19,05;218712;84960;136546;99407;150772;113633
19.07.2016;20,01;19,69;180432;80352;103177;63427;112550;72800
20.07.2016;22,83;21,4;157272;64848;97105;63179;107725;73799
21.07.2016;21,37;21,47;184368;71208;108825;71398;120471;83044
22.07.2016;22,25;21,94;176088;64776;99575;66030;110936;77391
23.07.2016;21,72;21,89;156912;66768;83034;60694;90236;67896
24.07.2016;22,97;22,43;126960;62352;81106;60633;90324;69851
25.07.2016;22,93;22,73;124248;62928;98327;67562;107565;76800
26.07.2016;21,11;21,88;124488;69984;98116;68555;110341;80780
27.07.2016;20,1;20,94;131064;76728;107463;69979;120105;82621
28.07.2016;20,75;20,77;129648;72384;105787;72506;119136;85855
29.07.2016;20,3;20,45;134376;75864;111292;74912;123138;86758
30.07.2016;20;20,19;134160;75720;114278;74137;124092;83951
31.07.2016;18,88;19,49;136392;84936;111858;75724;123374;87240
01.08.2016;17,5;18,39;156240;99624;123984;82595;139759;98370
02.08.2016;16,8;17,48;156984;112680;120296;83026;139724;102454
03.08.2016;18,65;18,02;124152;92232;100859;73402;113120;85663
04.08.2016;19,63;18,85;127104;83256;99964;74699;115405;90140
05.08.2016;18,15;18,52;142944;97296;118496;81806;131585;94895
06.08.2016;17,67;18,12;152904;102216;128110;89714;140036;101640
07.08.2016;20,12;19,17;146736;79824;122494;80245;132521;90272
08.08.2016;19,55;19,36;169440;82776;110472;74702;124607;88837
09.08.2016;15,45;17,31;190320;137880;127430;86329;144218;103117
10.08.2016;13,48;15,26;203520;177480;165233;112512;190399;137678
11.08.2016;14,65;14,77;204984;156024;163967;107840;191024;134897
12.08.2016;17,1;15,85;185904;118872;151839;101586;171695;121442
13.08.2016;19,9;18,03;202176;85416;127488;83196;138865;94573
14.08.2016;17,83;18,07;206448;100800;130451;88753;140669;98971
15.08.2016;16,51;17,35;194736;113880;114092;78253;131095;95256
16.08.2016;16,21;16,75;237960;120936;137997;96179;161497;119679
17.08.2016;15,6;16,03;269136;129576;153085;103944;199116;149975
18.08.2016;16,82;16,39;255216;114720;138838;88145;185852;135159
19.08.2016;20,53;18,6;207264;80544;124337;81328;149360;106351
20.08.2016;19,92;19,38;190920;81240;116236;77729;128808;90301
21.08.2016;17,99;18,77;205296;98472;131606;87625;144911;100930
22.08.2016;18,9;18,9;201072;88200;124606;82915;141836;100145
23.08.2016;19,99;19,43;195264;80160;112881;75167;137747;100033
24.08.2016;21,56;20,55;178200;70488;102879;69706;140018;106845
25.08.2016;22,38;21,61;186408;65832;98248;67163;123714;92629
26.08.2016;23,81;22,87;181800;60696;106867;72093;121158;86384
27.08.2016;23,79;23,46;168624;58920;101080;68445;107584;74949
28.08.2016;25,02;24,35;175800;56640;101570;68881;106844;74155
29.08.2016;19,05;21,59;198072;83328;110542;73546;126070;89074
30.08.2016;17,05;19,1;202776;103848;116336;79189;132599;95452
31.08.2016;19,35;19,07;181440;82800;121357;81468;138749;98860
01.09.2016;19,76;19,24;206664;81504;118573;79756;147991;109174
02.09.2016;19,33;19,3;217224;84552;118575;79153;160721;121299
03.09.2016;20,39;19,95;190872;75840;108496;73017;131276;95797
04.09.2016;17,72;18,78;191064;98544;115314;78633;128312;91631
05.09.2016;16,76;17,67;210144;112224;126125;84636;138064;96575
06.09.2016;16,48;16,98;216600;116880;132063;90622;146061;104620
07.09.2016;18,55;17,7;174816;92880;115365;82377;135478;102490
08.09.2016;21,5;19,73;195960;73296;102245;71566;137486;106807
09.09.2016;19,59;19,75;193896;82920;98334;69350;133961;104977
10.09.2016;21,03;20,54;158616;70968;78572;64584;98685;84697
11.09.2016;21,33;21,03;140448;69024;76418;62892;85211;71685
12.09.2016;22;21,53;166368;66624;101530;71305;113425;83200
13.09.2016;22,16;21,93;176496;65544;99732;70819;117402;88489
14.09.2016;21,23;21,59;161592;69264;99974;69626;114263;83915
15.09.2016;19,3;20,38;169056;81120;105518;73155;113601;81238
16.09.2016;19,02;19,6;186216;83664;118814;80349;127843;89378
17.09.2016;16,41;17,81;206424;114696;139120;94788;146717;102385
18.09.2016;15,32;16,37;215040;131544;146562;99648;157089;110175
19.09.2016;14;15,01;269496;170808;179448;121065;191782;133399
20.09.2016;13,65;14,15;271632;186864;184455;123768;197568;136881
21.09.2016;14,2;14,1;257568;172776;170912;114979;197249;141316
22.09.2016;15,18;14,64;272712;151800;177301;118375;206323;147397
23.09.2016;15,56;15,15;253224;141264;161779;109243;188780;136244
24.09.2016;14,89;15,06;257136;151032;169367;110969;187329;128931
25.09.2016;15,87;15,52;263304;137904;174404;114678;190532;130806
26.09.2016;15,36;15,45;273528;147072;188117;122966;201426;136275
27.09.2016;16,2;15,84;259728;130536;174759;111398;197939;134578
28.09.2016;17,54;16,78;265632;111840;173111;111228;200628;138745
29.09.2016;18,89;17,94;205584;96816;149406;99089;168378;118061
30.09.2016;13,82;15,83;263592;167544;174423;113007;195146;133730
01.10.2016;13,01;14,31;279216;193224;211080;141465;222983;153368
02.10.2016;13,5;13,77;295104;182496;210049;140095;220713;150759
03.10.2016;11,77;12,53;324168;247920;246498;177054;257652;188208
04.10.2016;10,73;11,53;347304;280128;272054;180550;293265;201761
05.10.2016;9,37;10,33;421320;344232;328851;228982;356736;256867
06.10.2016;10,41;10,27;436104;310344;333831;221610;366415;254194
07.10.2016;10,32;10,24;424392;317832;329447;217425;356675;244653
08.10.2016;9,23;9,69;413976;360240;314824;219349;340385;244910
09.10.2016;7,74;8,66;447528;433704;336603;242036;366946;272379
10.10.2016;8,02;8,26;473016;434256;354095;242599;398585;287089
11.10.2016;7,39;7,73;482496;455880;369449;256314;422806;309671
12.10.2016;7,62;7,62;519288;453576;386834;273687;444338;331191
13.10.2016;7,38;7,49;522480;465648;382751;272019;445903;335171
14.10.2016;8,42;7,97;560256;419184;381690;268931;481283;368524
15.10.2016;10,55;9,36;487344;337632;319808;225265;417987;323444
16.10.2016;12,02;10,84;436560;262896;300095;205614;372221;277740
17.10.2016;12,18;11,67;504336;265296;332627;225809;430860;324042
18.10.2016;11,73;11,81;477504;276888;318034;213863;423892;319721
19.10.2016;8,2;9,93;530160;396768;359820;248372;455371;343923
20.10.2016;7,19;8,4;535944;450672;372198;262643;462274;352719
21.10.2016;6,85;7,45;544536;474072;392736;282592;480675;370531
22.10.2016;6,05;6,56;528000;502032;376737;275974;453843;353080
23.10.2016;6,75;6,61;547440;492840;374582;279996;472283;377697
24.10.2016;8,53;7,61;560616;413160;403702;291207;487287;374792
25.10.2016;8,45;8,08;524424;409368;386131;273790;442813;330472
26.10.2016;7,95;8,08;522264;442632;379807;270821;472191;363205
27.10.2016;11,13;9,75;526776;316440;362365;249691;458553;345879
28.10.2016;11,26;10,6;493752;298824;329636;226023;426445;322832
29.10.2016;9,7;10,19;492450;351625;338612;244138;421516;327042
30.10.2016;9,85;10,08;498792;348264;338447;240012;427992;329557
31.10.2016;10,41;10,22;499656;313992;333717;239210;427744;333237
01.11.2016;9,61;9,86;526080;359544;359282;246636;463042;350396
02.11.2016;6,58;8,12;569736;482856;396755;285192;518095;406532
03.11.2016;6,16;7,02;557856;520488;411121;301519;492507;382905
04.11.2016;6,41;6,58;540912;518592;404198;292304;462975;351081
05.11.2016;7,12;6,77;504456;478128;379368;284785;426269;331686
06.11.2016;5,55;6,12;487320;566736;376381;281788;426470;331877
07.11.2016;3,65;4,8;513888;650736;367733;291276;438093;361636
08.11.2016;2,1;3,31;634632;710064;466403;368352;548021;449970
09.11.2016;2,58;2,79;635376;701304;473749;360597;561774;448622
10.11.2016;1,56;2,04;643248;755064;483851;370599;572637;459385
11.11.2016;0,73;1,29;652704;788400;493234;388908;573799;469473
12.11.2016;-0,26;0,44;601872;828480;456309;374010;519423;437124
13.11.2016;-0,9;-0,35;607272;848208;441458;394276;513162;465980
14.11.2016;1,01;0,31;679632;812520;490256;404275;582643;496662
15.11.2016;5,41;3,02;616008;610584;471873;360945;552215;441287
16.11.2016;9,11;6,38;560976;430488;424365;311601;483400;370636
17.11.2016;9,86;8,48;460752;386424;334350;253374;382842;301866
18.11.2016;8,37;8,67;529968;413304;397520;309385;449526;361391
19.11.2016;5,78;7,24;549096;510408;416277;321678;462680;368081
20.11.2016;7,59;7,36;508584;432648;379975;285389;420667;326081
21.11.2016;9,2;8,26;525456;381288;396121;283409;449082;336370
22.11.2016;9,18;8,75;458376;381528;345614;247251;394769;296406
23.11.2016;7,25;8,05;519216;464664;396571;301215;449388;354032
24.11.2016;5,18;6,53;565752;540480;429835;322471;491355;383991
25.11.2016;2,04;4,05;621384;692952;465385;362007;542461;439083
26.11.2016;2,71;3,16;566256;678744;454827;360104;515124;420401
27.11.2016;2,94;2,91;596496;673248;445741;351077;508270;413606
28.11.2016;-1,59;0,43;716040;874056;518349;410214;626661;518526
29.11.2016;-1,2;-0,49;630600;888696;489281;406627;597335;514681
30.11.2016;3,98;1,79;581640;676512;450641;374601;546785;470745
01.12.2016;6,79;4,42;525744;552384;420128;315199;497424;392495
02.12.2016;1,71;3,17;639264;754680;474615;386131;558226;469742
03.12.2016;-0,99;1,1;661056;830016;498392;403662;572836;478106
04.12.2016;-1,88;-0,59;690816;897648;512641;418636;597428;503423
05.12.2016;-2,22;-1,7;774456;917544;555187;455767;672278;572858
06.12.2016;-0,75;-1,31;736536;874992;534910;427156;637796;530042
07.12.2016;3,62;1,31;677568;709608;496352;379633;589649;472930
08.12.2016;6,25;4,05;523656;567336;379854;269582;448258;337986
09.12.2016;8,62;6,7;527664;461592;393576;251741;455516;313681
10.12.2016;8,47;7,89;499224;432432;369552;227740;419444;277632
11.12.2016;7,61;7,88;524304;460752;390566;248745;445755;303934
12.12.2016;4,71;6,25;566352;587064;407033;265143;485681;343791
13.12.2016;5,54;5,79;549648;564456;401883;259961;476354;334432
14.12.2016;5,87;5,74;532584;561552;400842;260322;475023;334503
15.12.2016;2,16;3,77;616824;716688;443071;303237;540237;400403
16.12.2016;-1,18;1,1;659568;859152;478513;336516;573734;431737
17.12.2016;2,12;1,5;599232;744336;448414;306390;515373;373349
18.12.2016;5,02;3,23;565464;593520;422250;280326;484178;342254
19.12.2016;1,76;2,48;614280;758784;445190;303237;530287;388334
20.12.2016;-0,9;0,8;667752;859848;492319;350997;583754;442432
21.12.2016;1,04;0,88;626376;795720;459268;327287;544974;412993
22.12.2016;3,63;2,21;552024;683016;417981;301341;499282;382642
23.12.2016;3,87;3,11;537336;661488;388971;285288;454955;351272
24.12.2016;6,73;5,17;459744;530280;333176;248158;385248;300230
25.12.2016;9,1;7,41;413640;420384;303193;220166;343848;260821
26.12.2016;7,66;7,67;453624;466272;332287;242744;379830;290287
27.12.2016;7,73;7,83;465984;463152;347811;253558;403177;308924
28.12.2016;5,23;6,48;511944;563208;381136;271183;436550;326597
29.12.2016;1,35;3,66;552984;739416;411190;299954;476259;365023
30.12.2016;-0,93;1,08;577656;836568;423725;319867;490887;387029
31.12.2016;0,1;0,33;548136;796248;403280;308584;469188;374492
01.01.2017;1,59;0,84;520080;736416;393385;297720;519154;423489
02.01.2017;1,83;1,35;569712;760464;432669;324491;564829;456651
03.01.2017;4,16;2,93;561000;654792;421894;307693;555076;440875
04.01.2017;1,85;2,45;604824;744336;446768;332498;602848;488578
05.01.2017;-4,69;-1,33;667056;964656;499903;385515;664878;550490
06.01.2017;-5,6;-3,71;649728;988584;486374;407350;647320;568296
07.01.2017;-1,05;-2,56;608376;880584;459857;365062;607221;512426
08.01.2017;1,09;-0,76;579480;794808;433821;339115;574225;479519
09.01.2017;-0,54;-0,51;643752;875664;461325;350273;642012;530960
10.01.2017;-0,1;-0,12;633192;854352;451868;334891;631542;514565
11.01.2017;3,37;1,77;606000;708408;436595;323299;604461;491165
12.01.2017;3,38;2,65;527904;681744;369658;279688;526476;436506
13.01.2017;0,53;1,63;595128;770136;438085;341049;593538;496502
14.01.2017;0,1;0,87;576672;799488;441311;326732;575251;460672
15.01.2017;-1,14;-0,29;583440;861984;434362;339658;577027;482323
16.01.2017;-2,15;-1,4;683952;909744;489915;369826;677052;556963
17.01.2017;-2,51;-2,06;693624;921384;500001;379868;690668;570535
18.01.2017;-4,05;-3,19;720312;985968;520447;400462;718365;598380
19.01.2017;-1,22;-2,21;683064;886680;493246;373677;680774;561205
20.01.2017;0,29;-0,88;644808;814848;483587;361517;642886;520816
21.01.2017;-1,2;-1;596760;863448;455058;359295;595124;499361
22.01.2017;-3,4;-2,18;621960;940536;472193;377335;615595;520737
23.01.2017;-0,99;-1,58;685824;862488;496117;388045;679429;571357
24.01.2017;-0,22;-0,91;658728;845856;480284;366288;657357;543361
25.01.2017;-0,91;-0,9;635856;896568;470236;348997;634569;513330
26.01.2017;-2,08;-1,45;663600;917184;492513;375531;662277;545295
27.01.2017;-2,28;-1,91;657528;908568;492244;370779;656061;534596
28.01.2017;0,06;-0,91;575568;810336;438017;342422;574346;478751
29.01.2017;2,28;0,79;531648;738792;404915;310225;530438;435748
30.01.2017;3,58;2,37;629208;687792;467101;340352;622582;495833
31.01.2017;2,47;2,58;649416;726288;482753;342149;641526;500922
01.02.2017;1,39;2,03;616368;745272;457452;320667;615054;478269
02.02.2017;3,91;3,02;571104;649392;421083;302497;569887;451301
03.02.2017;5,38;4,26;538320;569064;408963;295004;537193;423234
04.02.2017;4,05;4,21;497040;636216;388579;277088;495880;384389
05.02.2017;2,97;3,64;497760;695952;372444;280556;491328;399440
06.02.2017;-0,14;1,62;622632;802056;461408;339306;618368;496266
07.02.2017;-2,13;-0,51;643392;894696;477501;355313;642170;519982
08.02.2017;-3,74;-2,38;679344;959376;504817;382050;677969;555202
09.02.2017;-3,93;-3,39;678936;957528;498461;383349;677662;562550
10.02.2017;-0,55;-1,98;659544;863928;490681;367889;658192;535400
11.02.2017;-1,23;-1,58;615096;856296;472972;358630;613855;499513
12.02.2017;-1,93;-1,69;603120;886032;458279;363483;601868;507072
13.02.2017;-1,8;-1,68;705408;889440;519698;391885;697527;569714
14.02.2017;-0,78;-1,24;683592;858408;507734;368468;677281;538015
15.02.2017;2,49;0,75;532632;733704;388166;277936;531726;421496
16.02.2017;6,59;3,95;486528;535704;368201;255469;485593;372861
17.02.2017;5,5;4,97;502848;568080;388770;267243;501872;380345
18.02.2017;3,1;4,16;511296;645792;404034;286844;510414;393224
19.02.2017;5,58;4,98;462120;545760;354320;259683;456288;361651
20.02.2017;8,45;6,77;490800;424848;369737;251048;487417;368728
21.02.2017;7,55;7,23;479640;454752;364743;239820;474087;349164
22.02.2017;9,15;8,39;472512;385416;363343;238434;467131;342222
23.02.2017;8,15;8,36;474696;415104;366999;242096;473486;348583
24.02.2017;2,96;5,48;538944;644544;413956;288996;537413;412453
25.02.2017;5,33;5,33;479976;547416;379343;254358;478821;353836
26.02.2017;6,83;6;447096;482592;363748;238838;446037;321127
27.02.2017;9,32;7,7;443856;384000;341665;219088;437851;315274
28.02.2017;6,52;7,23;467352;480192;359399;234618;462379;337598
01.03.2017;6,1;6,69;487416;505416;371112;244799;486293;359980
02.03.2017;5,26;5,92;480480;532920;371802;249532;479275;357005
03.03.2017;5,85;5,77;466848;535656;363060;238133;464824;339897
04.03.2017;9,9;7,95;385584;356832;318296;196443;384753;262900
05.03.2017;7,56;7,8;429288;429672;349429;224520;428411;303502
06.03.2017;5,73;6,78;477168;523776;364552;239574;470296;345318
07.03.2017;3,99;5,32;541080;604320;401599;276527;535621;410549
08.03.2017;6,49;5,79;482688;502656;371259;246271;481273;356285
09.03.2017;7,99;6,91;454296;436872;354072;229109;453742;328779
10.03.2017;5,43;6,16;470376;538392;369589;246069;470336;346816
11.03.2017;4,4;5,29;462048;560400;371459;248433;462048;339022
12.03.2017;2,95;4;489792;648528;387224;264425;489752;366953
13.03.2017;5,66;4,75;490728;560160;370468;246118;481211;356861
14.03.2017;9,19;7,1;436632;396456;344788;219722;430445;305379
15.03.2017;7,68;7,5;424968;442584;342150;217123;423442;298415
16.03.2017;8,1;7,97;416832;426072;330108;205037;412943;287872
17.03.2017;7,32;7,7;425976;450288;343398;218363;425070;300035
18.03.2017;6,8;7,17;424392;434784;345966;222154;424373;300561
19.03.2017;9,15;8,21;393984;376584;308539;194436;393945;279842
20.03.2017;10,98;9,69;366624;310008;282574;192597;361374;271397
21.03.2017;7,64;8,68;425304;425352;336040;213228;420754;297942
22.03.2017;6,38;7,51;431400;490896;339289;214224;427329;302264
23.03.2017;5,84;6,57;474288;509328;359990;234900;460789;335699
24.03.2017;5,52;5,86;437304;521352;340893;218135;426729;303971
25.03.2017;6,36;6,07;385273;469200;316706;190610;385273;259177
26.03.2017;6,05;6,05;405696;494160;332944;211797;405676;284529
27.03.2017;7,66;6,91;394320;431016;311902;190269;391672;270039
28.03.2017;11,87;9,6;322704;270192;258690;152653;318720;212683
29.03.2017;12,31;11,16;345528;244728;272121;156947;332537;217363
30.03.2017;12,53;12,06;284304;228936;229608;131921;280302;182615
31.03.2017;13,69;13,08;270096;185568;217822;131362;260350;173890
01.04.2017;14,08;13,65;272856;168576;199267;112600;272856;186189
02.04.2017;11,43;12,51;333096;233544;234973;138431;333096;236554
03.04.2017;8,84;10,55;456000;338256;303478;184513;438115;319150
04.04.2017;8,92;9,58;442440;331344;300176;179768;433353;312945
05.04.2017;8,62;8,92;454704;357504;305225;185567;440818;321160
06.04.2017;8,63;8,68;468264;364848;308366;190591;450663;332888
07.04.2017;9,83;9,29;454752;326520;312095;191561;452519;331985
08.04.2017;10,48;9,94;416352;287040;298246;177095;415497;294346
09.04.2017;11,94;11,05;349488;238824;247007;140526;348647;242166
10.04.2017;11,13;11,17;399720;262080;261102;156636;382265;277799
11.04.2017;8,57;9,83;464184;366144;305982;185445;449796;329259
12.04.2017;10,18;9,99;440064;304008;296522;177029;432791;313298
13.04.2017;8,85;9,32;459480;350592;317621;195258;459460;337097
14.04.2017;9,11;9,15;430464;345072;302643;179555;430464;307376
15.04.2017;8,58;8,86;442320;358152;310711;192977;442281;324547
16.04.2017;7,43;8,06;466272;416136;321185;202047;466253;347115
17.04.2017;6,01;6,94;495960;480288;341035;215944;495921;370830
18.04.2017;3,5;5,03;579912;592752;385719;260548;578160;452989
19.04.2017;2,6;3,62;595272;638520;391105;265910;587221;462026
20.04.2017;4,46;3,94;577128;593208;348409;223221;520550;395362
21.04.2017;9,33;6,75;460680;386328;306563;183787;453123;330347
22.04.2017;7,1;7,04;483552;446808;332993;207936;483532;358475
23.04.2017;6,12;6,7;508608;468960;345714;220619;508490;383395
24.04.2017;9,37;8,2;445512;363120;295187;178647;436251;319711
25.04.2017;7,1;7,57;524112;441792;341353;216304;510507;385458
26.04.2017;5,9;6,7;501912;488904;337962;212878;501873;376789
27.04.2017;6,29;6,5;513792;481872;335174;212561;498355;375742
28.04.2017;8,18;7,3;475944;400152;305463;183135;448618;326290
29.04.2017;6,34;6,79;500664;466056;328856;207052;470484;348680
30.04.2017;8,88;7,94;435168;366864;296216;175838;405438;285060
01.05.2017;10,83;9,53;423408;282360;330664;216134;389868;275338
02.05.2017;7,87;8,69;552936;385344;394251;268256;478759;352764
03.05.2017;11,25;10,13;462024;269880;337577;221667;400424;284514
04.05.2017;9,12;9,64;539112;338568;399791;272239;478831;351279
05.05.2017;9,78;9,67;547080;317184;396276;259371;481012;344107
06.05.2017;12,1;11,03;431184;233688;348291;219894;404887;276490
07.05.2017;12,7;11,91;378096;216408;308472;199403;351662;242593
08.05.2017;7,76;9,79;507216;386256;398445;271116;480835;353506
09.05.2017;7,73;8,69;511104;392496;400320;262990;485774;348444
10.05.2017;8,25;8,34;460512;377280;353366;232141;433259;312034
11.05.2017;12,95;10,65;354960;222768;277081;165901;324918;213738
12.05.2017;14,47;12,79;334176;184440;217529;133660;251958;168089
13.05.2017;15,92;14,63;275880;133392;218497;143541;247960;173004
14.05.2017;15,39;15,25;296424;137616;237786;157322;264549;184085
15.05.2017;14,57;14,96;325032;150024;230533;151160;264077;184704
16.05.2017;15,83;15,44;272208;135024;179865;115285;206283;141703
17.05.2017;17,99;16,78;240168;99720;161750;107705;184826;130781
18.05.2017;19,8;18,44;175872;80304;132706;83908;153220;104422
19.05.2017;17,44;18,04;176016;96264;128624;83645;151453;106474
20.05.2017;14,21;16,07;215616;142872;166789;112262;190773;136246
21.05.2017;14,83;15,34;237936;134184;184461;123264;206236;145039
22.05.2017;14,48;14,73;252648;144792;181297;117648;207970;144321
23.05.2017;17,02;15,86;212832;104592;164166;108129;187758;131721
24.05.2017;13,2;14,5;273216;180504;198013;133235;248170;183392
25.05.2017;15,64;15,1;266472;127632;187955;117139;239850;169034
26.05.2017;15,73;15,45;232992;126504;167446;107202;208126;147882
27.05.2017;18,68;17,12;198240;87624;143392;94360;171276;122244
28.05.2017;21,59;19,64;176976;67176;125664;82553;147770;104659
29.05.2017;23,67;21,92;185256;59184;111319;71789;129137;89607
30.05.2017;22,73;22,56;162864;59880;106796;72250;124971;90425
31.05.2017;16,7;19,56;211824;101016;132772;86574;154389;108191
01.06.2017;15,84;17,51;192480;113784;117269;76789;141268;100788
02.06.2017;19,04;18,12;170232;83544;99497;71738;119617;91858
03.06.2017;20,7;19,34;143832;70032;102309;76356;118890;92937
04.06.2017;16,41;17,87;162960;108096;112033;82810;132638;103415
05.06.2017;16,09;16,99;157752;114672;113167;83224;132738;102795
06.06.2017;16,22;16,51;202416;114288;144549;100772;168842;125065
07.06.2017;14,45;15,27;324072;147840;167661;109817;193907;136063
08.06.2017;16,01;15,63;267672;120936;148338;95584;169850;117096
09.06.2017;17,7;16,72;176880;96840;130582;86563;148190;104171
10.06.2017;17,6;17,2;165984;97296;126309;85701;140707;100099
11.06.2017;21,42;19,54;150960;66888;113952;74787;125115;85950
12.06.2017;17,64;18,65;169224;93000;120720;81155;138377;98812
13.06.2017;16,07;17,3;189432;115896;133193;89289;155599;111695
14.06.2017;16,32;16,77;183576;109752;130791;85661;151448;106318
15.06.2017;20,78;18,75;173832;71568;125012;82897;144772;102657
16.06.2017;16,35;17,51;193080;110688;135950;91621;161736;117407
17.06.2017;16,9;17,23;195384;104928;144758;95118;165211;115571
18.06.2017;18,52;17,95;176064;84864;128207;84089;146527;102409
19.06.2017;21,28;19,63;158256;67680;110976;75315;127608;91947
20.06.2017;21,6;20,79;171576;66528;116952;81559;136927;101534
21.06.2017;19,4;20,18;164256;77520;114535;73240;133741;92446
22.06.2017;24,34;22,45;155208;56472;109783;71319;124961;86497
23.06.2017;19,86;21,11;163968;73536;118809;83316;137432;101939
24.06.2017;20,29;20,66;155376;69768;115210;75930;129524;90244
25.06.2017;18,9;19,76;160704;80880;114920;75074;132224;92378
26.06.2017;16,56;17,9;199200;106968;125066;83299;148310;106543
27.06.2017;17,52;17,63;209352;97200;128660;82745;150240;104325
28.06.2017;20,55;19,1;197952;71616;120701;79394;139260;97953
29.06.2017;18,45;18,76;208248;87408;122936;80597;141512;99173
30.06.2017;17,91;18,38;210360;92136;136608;94490;159100;116982
01.07.2017;16,7;17,51;205608;103536;161906;112169;181607;131870
02.07.2017;16,18;16,7;202800;109416;158437;107538;178318;127419
03.07.2017;17,47;17,05;172680;100656;122749;69174;143739;90164
04.07.2017;16,75;16,86;179904;108696;130298;87425;151201;108328
05.07.2017;16,08;16,45;201240;118944;129599;89769;171090;131260
06.07.2017;19,9;18,3;234264;76872;121761;77907;169915;126061
07.07.2017;21,53;20,05;191160;67392;104441;70855;140748;107162
08.07.2017;19,63;19,94;164016;75432;110823;75271;139186;103634
09.07.2017;19,18;19,66;167280;76944;109190;72041;136266;99117
10.07.2017;19,03;19,32;195600;80016;109103;70705;130502;92104
11.07.2017;19,58;19,38;196344;76416;113833;74752;133104;94023
12.07.2017;15,62;17,37;210288;118224;124271;85431;151025;112185
13.07.2017;14,95;16,02;230232;134016;140807;93216;167590;119999
14.07.2017;16,3;16,07;219792;114264;139127;89733;159870;110476
15.07.2017;16,41;16,13;180216;112944;138364;90152;156293;108081
16.07.2017;18,31;17,31;166056;90456;126487;80546;141290;95349
17.07.2017;17,03;17,24;177456;102936;129345;86546;148181;105382
18.07.2017;18,93;18,17;170112;83496;123589;81557;141353;99321
19.07.2017;22,48;20,53;149616;63072;109540;69340;125089;84889
20.07.2017;21,58;21,16;149976;65184;110383;73452;125334;88403
21.07.2017;20,39;20,89;153264;69288;112198;74382;127768;89952
22.07.2017;20,92;20,97;147216;64632;107476;70689;121898;85111
23.07.2017;19,11;19,93;161376;76344;114772;75887;128468;89583
24.07.2017;17,51;18,58;202968;93912;122635;80816;140665;98846
25.07.2017;15,17;16,7;243288;131424;152891;105105;176284;128498
26.07.2017;15,65;16;239832;122040;151653;95932;178237;122516
27.07.2017;17,88;16,9;207816;92976;133340;84498;161677;112835
28.07.2017;17,84;17,38;235752;91992;131202;84915;167764;121477
29.07.2017;19,91;18,8;164568;75144;117011;75811;140529;99329
30.07.2017;22,71;20,99;148680;59664;110775;73843;123824;86892
31.07.2017;21,76;21,51;149400;63696;108527;71498;124293;87264
01.08.2017;23,42;22,65;151968;56448;107023;70627;125492;89096
02.08.2017;21,31;22,03;171816;63888;105814;66946;147026;108158
03.08.2017;22,03;22,01;283080;59976;110178;74298;150284;114404
04.08.2017;19,74;20,81;180096;71568;113169;76062;147337;110230
05.08.2017;17,87;19,15;166224;85128;113067;74523;141132;102588
06.08.2017;16,59;17,71;183984;101736;123880;80991;153929;111040
07.08.2017;17,98;17,71;225072;87312;120552;77296;152929;109673
08.08.2017;20,83;19,31;227256;67344;122142;81681;156609;116148
09.08.2017;19,55;19,48;196800;74568;111234;73387;133981;96134
10.08.2017;15,87;17,65;210888;116256;122295;81451;158272;117428
11.08.2017;15,79;16,65;228024;120144;145977;102496;203991;160510
12.08.2017;16,25;16,3;222744;110376;152131;101327;198173;147369
13.08.2017;16,72;16,41;198432;104520;142118;91965;173789;123636
14.08.2017;17,95;17,25;182856;91488;132307;85416;153790;106899
15.08.2017;22,14;19,91;179184;63792;116544;71617;150050;105123
16.08.2017;19;19,55;187920;82032;115739;76481;163480;124222
17.08.2017;20,74;20,28;172392;68256;113713;74223;146616;107126
18.08.2017;19,08;19,72;166392;77232;115316;76829;141065;102578
19.08.2017;16,87;18,12;173880;98520;123523;81816;149263;107556
20.08.2017;16,3;17,12;203664;108552;143549;98682;178976;134109
21.08.2017;15,59;16,18;226200;118920;146520;96488;201561;151529
22.08.2017;15,29;15,61;221400;123408;146122;101479;196803;152160
23.08.2017;16,04;15,8;213336;116424;150606;98918;188930;137242
24.08.2017;18,06;16,99;305208;92736;142544;89246;175739;122441
25.08.2017;18,55;17,87;202440;87984;133088;85893;177847;130652
26.08.2017;18,93;18,52;182880;80952;121819;78531;158726;115438
27.08.2017;17,34;17,97;185568;93504;124902;83416;161066;119580
28.08.2017;16,67;17,28;199752;104280;137088;92173;170406;125491
29.08.2017;19,99;18,68;186024;74760;124174;78182;158187;112195
30.08.2017;23,45;21,22;166608;58896;107237;70446;142245;105454
31.08.2017;18,61;19,96;182544;79800;122026;81935;157994;117903
01.09.2017;14,44;17,12;204192;137232;138196;94233;179301;135338
02.09.2017;13,99;15,36;221880;146088;158406;109309;197049;147952
03.09.2017;13,85;14,28;258216;154968;178387;116880;233504;171997
04.09.2017;14,58;14,3;236232;145776;155353;97361;207489;149497
05.09.2017;18,23;16,39;214104;96792;146509;98126;185722;137339
06.09.2017;16,74;16,66;214992;109056;155566;106521;190275;141230
07.09.2017;15,03;15,88;245712;138456;173381;113001;220990;160610
08.09.2017;15,74;15,85;266568;124128;185578;122198;241802;178422
09.09.2017;15,4;15,53;240072;125688;170389;107387;215554;152552
10.09.2017;15,01;15,21;230160;135360;172130;113204;205581;146655
11.09.2017;14,18;14,67;293904;155112;215850;153032;264438;201620
12.09.2017;14,31;14,44;316512;155136;229231;146565;286314;203648
13.09.2017;15,42;14,93;312288;134256;224404;142538;285784;203918
14.09.2017;13,05;13,93;347928;189480;268629;181193;322776;235340
15.09.2017;12,71;13,27;349560;196416;271448;178270;323922;230744
16.09.2017;11,7;12,4;330072;224064;253168;162707;305111;214650
17.09.2017;11,71;11,93;384840;229968;282521;185457;352702;255638
18.09.2017;11,86;11,86;443712;225576;301132;194349;380221;273438
19.09.2017;12,15;11,98;397968;224064;296207;185344;365991;255128
20.09.2017;12,37;12,2;412776;222144;301164;193746;369299;261881
21.09.2017;12,87;12,57;364872;213864;254376;160143;329090;234857
22.09.2017;12,96;12,8;371688;201240;248128;160912;313711;226495
23.09.2017;13,93;13,43;322368;176328;248041;159196;297926;209081
24.09.2017;13,37;13,43;346632;185064;277576;178939;321902;223265
25.09.2017;12,83;13,13;335232;201576;261638;167687;304885;210934
26.09.2017;13,28;13,22;332976;184440;261272;168812;303560;211100
27.09.2017;14,66;13,96;341424;154368;247959;160672;307422;220135
28.09.2017;15,52;14,81;344352;138432;242670;156842;315417;229589
29.09.2017;16,27;15,66;294600;119736;205510;131842;262917;189249
30.09.2017;16,01;15,92;285768;123552;201089;134534;258594;192039
01.10.2017;12,39;14,08;353688;195096;267163;181618;325029;239484
02.10.2017;13,67;13,81;368232;170832;289459;182267;338301;231109
03.10.2017;12,95;13,27;369504;191952;291114;189186;333824;231896
04.10.2017;12,7;12,88;485976;209544;311898;204904;386515;279521
05.10.2017;12,17;12,52;508344;224472;321528;205049;419972;303493
06.10.2017;11,25;11,8;471720;257376;298388;201799;386250;289661
07.10.2017;11,37;11,53;465432;252456;304970;210524;439852;345406
08.10.2017;10,69;11,04;487896;263016;309284;214832;452174;357722
09.10.2017;11,06;11,02;539040;274320;331933;223463;465276;356806
10.10.2017;13,51;12,34;606720;202920;309018;205716;424691;321389
11.10.2017;14,58;13,57;524472;175272;292914;190001;403079;300166
12.10.2017;13,78;13,78;466680;183432;288324;184849;402036;298561
13.10.2017;13,65;13,8;471096;183744;291035;186727;402768;298460
14.10.2017;15,36;14,64;345360;139224;232295;148850;318852;235407
15.10.2017;15,62;15,17;357264;132408;229427;147459;323306;241338
16.10.2017;16,35;15,84;405960;125688;213740;137150;304241;227651
17.10.2017;15,63;15,8;393312;128880;207322;140316;309419;242413
18.10.2017;14,35;15,04;469584;151800;256591;174392;368746;286547
19.10.2017;14,12;14,53;467784;157920;252888;165797;367887;280796
20.10.2017;13,93;14,15;457896;167880;260869;170341;373690;283162
21.10.2017;12,45;13,19;423696;202728;293848;190915;398256;295323
22.10.2017;10,68;11,81;462072;264024;313006;205972;427899;320865
23.10.2017;10,68;11,13;666432;277056;331740;217088;464933;350281
24.10.2017;13;12,04;570216;207864;317622;206657;420928;309963
25.10.2017;14,83;13,51;493584;161328;280687;181735;388686;289734
26.10.2017;13,51;13,61;505824;189240;297039;190122;402208;295291
27.10.2017;11,24;12,44;549936;250896;336935;222248;465006;350319
28.10.2017;11,36;11,85;513100;253950;364774;243288;485281;363795
29.10.2017;8,42;9,92;565344;358992;402080;270843;526896;395659
30.10.2017;7,69;8,61;707784;407616;407156;275135;547550;415529
31.10.2017;8,48;8,45;640032;380280;405098;268087;536952;399941
01.11.2017;10,8;9,61;566304;298872;357485;226446;458729;327690
02.11.2017;9,98;9,85;610512;318048;369067;241915;510033;382881
03.11.2017;8,7;9,31;568272;357264;392842;265906;507702;380766
04.11.2017;10,75;10,1;476184;290352;373157;242083;449901;318827
05.11.2017;8,2;9,07;510528;374832;401345;274419;476053;349127
06.11.2017;5,96;7,38;662424;465840;441070;302665;560176;421771
07.11.2017;6,4;6,81;665136;468432;442526;301173;559873;418520
08.11.2017;7,14;6,86;715464;443928;432487;294979;542212;404704
09.11.2017;7,87;7,35;643248;418032;422457;286507;530413;394463
10.11.2017;7,74;7,61;614760;414912;445264;310418;559220;424374
11.11.2017;5,67;6,61;589680;489384;464662;322687;564436;422461
12.11.2017;4,26;5,34;615456;562272;475755;333745;580344;438334
13.11.2017;4;4,54;714144;592680;494580;354393;636087;495900
14.11.2017;6,28;5,36;641952;504864;466124;325962;589945;449783
15.11.2017;7,14;6,3;603216;465600;435779;300295;538433;402949
16.11.2017;7,03;6,76;749808;459192;454459;315449;563740;424730
17.11.2017;5,63;6,25;612864;502920;468095;326078;582442;440425
18.11.2017;5,03;5,6;621120;524232;487513;345528;594897;452912
19.11.2017;5,95;5,73;616080;499344;478742;341279;587442;449979
20.11.2017;5,3;5,46;623088;531600;441712;327193;580517;465998
21.11.2017;8,06;6,84;584976;427104;381128;287082;503576;409530
22.11.2017;7,69;7,35;562800;426120;380020;285833;487200;393013
23.11.2017;10,76;9,22;552072;306864;355576;261084;452775;358283
24.11.2017;9,85;9,69;529296;310056;359107;265023;451381;357297
25.11.2017;4,71;7,09;529752;519216;404319;312092;504729;412502
26.11.2017;4,56;5,72;551376;540504;407202;328428;522113;443339
27.11.2017;5,29;5,32;714864;529920;435385;340779;589500;494894
28.11.2017;4,4;4,68;770232;567384;427922;343889;567245;483212
29.11.2017;2,52;3,53;720360;649512;456658;361990;601980;507312
30.11.2017;1,13;2,21;743016;704352;485815;392741;643107;550033
01.12.2017;1,31;1,63;733896;717360;491715;396928;636779;541992
02.12.2017;1,01;1,21;635232;719640;491456;396683;608777;514004
03.12.2017;2,46;1,83;652128;657096;492670;397913;621990;527233
04.12.2017;5,24;3,67;676464;566520;458537;363852;605448;510763
05.12.2017;6,65;5,34;630912;500064;429251;334654;554773;460176
06.12.2017;6,11;5,89;576312;514584;423439;328879;548310;453750
07.12.2017;5,81;5,96;606960;512112;433058;338498;571668;477108
08.12.2017;3,38;4,61;704472;609144;462120;367524;602040;507444
09.12.2017;2,28;3,3;636192;655968;477624;382978;600493;505847
10.12.2017;2,86;2,97;644400;630696;479876;386395;612911;519430
11.12.2017;3,25;3,03;722952;654864;463961;372829;629412;538280
12.12.2017;3,2;3,11;741768;632232;474501;379916;636780;542195
13.12.2017;4,1;3,66;626760;601800;358075;276640;520670;439235
14.12.2017;3,57;3,64;822960;601080;454944;360356;612693;518105
15.12.2017;1,83;2,69;751008;688296;492121;397442;645522;550843
16.12.2017;2,67;2,66;622752;648840;473226;380038;596533;503345
17.12.2017;1,93;2,22;655896;675864;490460;395752;625153;530445
18.12.2017;1,53;1,81;761112;704232;497500;402754;665355;570609
19.12.2017;2,97;2,43;735024;690984;472317;377593;630547;535823
20.12.2017;5,34;3,97;680304;566016;438932;345840;576604;483512
21.12.2017;6,82;5,56;627024;490584;429256;334651;552332;457727
22.12.2017;5,7;5,77;554400;523152;436648;342024;546469;451845
23.12.2017;8,5;7,32;485064;401520;405195;312435;484290;391530
24.12.2017;9,25;8,41;451224;358440;381797;287284;450439;355926
25.12.2017;6,64;7,52;489000;452880;401550;307033;488193;393676
26.12.2017;5,66;6,59;514560;485736;421014;330846;513673;423505
27.12.2017;4,25;5,28;553152;562464;444658;354742;552283;462367
28.12.2017;3,05;3,96;575952;632040;463818;371895;575040;483117
29.12.2017;2,58;3,13;587880;649776;478550;383935;587421;492806
30.12.2017;6,83;5,02;523080;488520;433327;338751;522011;427435
31.12.2017;11;8,24;450192;313512;380787;286302;449360;354875
01.01.2018;6,54;7,5;486024;444648;408145;312679;485241;389775
02.01.2018;5,02;6,34;553968;527568;435928;341350;552822;458244
03.01.2018;7,43;6,91;536184;424656;426024;331505;534992;440473
04.01.2018;7,4;7,03;516600;426624;415244;325144;515543;425443
05.01.2018;6,29;6,65;521040;468936;412139;317628;503628;409117
06.01.2018;4,77;5,7;530112;532488;426754;334643;505980;413869
07.01.2018;1,51;3,41;606744;636000;475206;382157;582430;489381
08.01.2018;0,52;1,74;820368;714048;511387;419893;669735;578241
09.01.2018;5,1;3,38;731400;541320;477060;382697;623092;528729
10.01.2018;4,52;3,94;629544;569088;462029;371143;601192;510306
11.01.2018;2,64;3,33;671256;655104;482418;387691;628315;533588
12.01.2018;2,35;2,9;667152;655368;478632;383904;608319;513591
13.01.2018;-0,42;1,06;626592;739272;489723;398708;598856;507841
14.01.2018;-1,18;-0,25;669456;784536;514264;424141;639732;549609
15.01.2018;3,74;1,78;723888;625800;487984;394478;651828;558322
16.01.2018;3,77;2,82;711648;611280;483530;388953;625044;530467
17.01.2018;3,2;3,13;778296;636504;489622;396435;644763;551576
18.01.2018;4,46;3,98;794208;579720;459070;378757;606335;526022
19.01.2018;2,1;2,99;686352;669816;481824;387160;603388;508724
20.01.2018;1,25;2,03;618936;681168;492879;398157;592708;497986
21.01.2018;0,67;1,27;642672;722832;498729;403938;612944;518153
22.01.2018;3,36;2,28;711960;638664;450207;369425;604630;523848
23.01.2018;6,62;4,6;638568;501144;403404;345413;531596;473605
24.01.2018;10,08;7,63;615552;363144;382402;303818;482604;404020
25.01.2018;8,25;8,19;573384;394656;385618;304028;479057;397467
26.01.2018;6;7,19;524616;469560;405167;318532;495349;408714
27.01.2018;6,66;6,92;516048;438336;409948;318783;486371;395206
28.01.2018;9,73;8,32;509952;333648;403000;308481;479018;384499
29.01.2018;8,48;8,41;555720;370560;390426;299896;498744;408214
30.01.2018;4,16;6,22;623040;569064;445898;356970;569281;480353
31.01.2018;6,9;6,57;609720;446280;424083;330365;541513;447795
01.02.2018;3,53;4,84;636024;598008;460070;365474;586529;491933
02.02.2018;3,19;3,84;624504;616944;458827;364188;570315;475676
03.02.2018;1,2;2,42;598896;671064;479343;384629;570532;475818
04.02.2018;-0,51;0,71;607848;751488;458706;384391;576897;502582
05.02.2018;-2,18;-0,93;735552;823152;466052;418791;629688;582427
06.02.2018;-2,97;-2,15;787008;870072;507571;442808;676974;612211
07.02.2018;-2,1;-2,24;796464;851448;525199;430613;689327;594741
08.02.2018;-2,29;-2,32;864168;854232;551220;456602;722837;628219
09.02.2018;0,09;-1,04;735264;779352;509343;411801;654360;556818
10.02.2018;1,66;0,46;643536;709680;512620;395741;614389;497510
11.02.2018;2,36;1,56;663456;675240;521439;400570;630757;509888
12.02.2018;1,11;1,45;754200;720960;546613;425960;687642;566989
13.02.2018;-0,59;0,41;794496;771000;545003;426117;693252;574366
14.02.2018;-0,88;-0,32;823968;793056;538275;423312;687440;572477
15.02.2018;2,06;0,86;703512;680232;531725;420899;674627;563801
16.02.2018;2,11;1,52;661728;678072;515514;394301;632114;510901
17.02.2018;0,75;1,18;636696;718416;514003;395649;606869;488515
18.02.2018;1,3;1,31;662904;693336;524614;403371;632992;511749
19.02.2018;0,89;1,06;734448;715704;559834;430737;704832;575735
20.02.2018;-0,3;0,3;737424;763320;562113;430392;706033;574312
21.02.2018;-0,85;-0,33;733848;783768;532396;422898;677151;567653
22.02.2018;-2,08;-1,32;816120;811056;558973;449164;715411;605602
23.02.2018;-4,05;-2,85;864912;898440;601761;459334;757797;615370
24.02.2018;-3,95;-3,52;771432;873720;621373;482056;740706;601389
25.02.2018;-4,55;-4,16;787848;899160;620967;480129;758252;617414
26.02.2018;-6,15;-5,29;982992;937848;666421;528233;852598;714410
27.02.2018;-6,58;-6,02;1001952;966864;658756;516199;853754;711197
28.02.2018;-7,75;-7,01;955824;996840;714665;572079;928293;785707
01.03.2018;-7,32;-7,26;912336;1009632;682144;539583;887128;744567
02.03.2018;-6,41;-6,84;827784;986568;638341;523754;819106;704519
03.03.2018;-3,91;-5,29;756120;922464;617841;499255;755039;636453
04.03.2018;1,85;-1,4;682080;740160;552094;434363;681265;563534
05.03.2018;2,95;1,12;645864;693840;501020;382575;644652;526207
06.03.2018;1,75;1,71;629976;727056;490708;387231;628306;524829
07.03.2018;4,06;3,15;596784;622368;460388;365756;595419;500787
08.03.2018;5,68;4,54;600072;533688;478385;363261;597253;482129
09.03.2018;5,05;4,87;582288;566280;475999;333796;580989;438786
10.03.2018;8,34;6,82;505464;417240;434506;292290;504992;362776
11.03.2018;11,22;9,26;458544;289344;396819;260060;458292;321533
12.03.2018;9,25;9,37;508680;355272;423391;286180;508622;371411
13.03.2018;7,53;8,53;511032;401904;420582;294816;510563;384797
14.03.2018;3,73;5,98;685968;561552;491243;348956;602249;459962
15.03.2018;4,38;4,95;607464;558672;491086;348815;607228;464957
16.03.2018;-0,86;1,71;704112;768816;574848;432462;703287;560901
17.03.2018;-5,23;-2,19;731496;889536;606218;463726;730091;587599
18.03.2018;-6,29;-4,57;734232;942912;603539;461068;733276;590805
19.03.2018;-3,41;-4,25;766680;908400;606477;464013;765139;622675
20.03.2018;-0,3;-2,26;754080;806544;598259;455822;753160;610723
21.03.2018;1,46;-0,18;673680;744744;541023;398588;672814;530379
22.03.2018;3,29;1,88;651624;665784;527225;384909;650768;508452
23.03.2018;3,7;3,03;613128;868176;508281;365958;612319;469996
24.03.2018;4,22;3,77;547331;566674;465326;323041;546645;404360
25.03.2018;5,47;4,76;550512;527160;469979;333591;549824;413436
26.03.2018;4,44;4,64;585984;568776;488567;346302;584326;442061
27.03.2018;5,38;5,06;564240;518832;472083;329781;563454;421152
28.03.2018;6,38;5,79;582648;492264;474081;340557;581785;448261
29.03.2018;4,69;5,22;583416;549984;491005;348799;582630;440424
30.03.2018;7,04;6,21;462744;461424;387277;275615;461961;350299
31.03.2018;4,51;5,33;529080;546072;447473;352922;528035;433484
01.04.2018;4,25;4,72;529080;569496;446197;352007;528106;433916
02.04.2018;6,9;5,88;457176;479784;378574;284055;456278;361759
03.04.2018;12,54;9,4;421848;285744;355249;240788;421557;307096
04.04.2018;12,52;11,22;385200;246720;327419;217272;385105;274958
05.04.2018;8,08;9,78;488208;369912;410753;280453;487373;357073
06.04.2018;6,45;8,1;486912;431640;411289;273566;486440;348717
07.04.2018;10,55;9,26;370728;281928;324483;203426;370532;249475
08.04.2018;11,17;10,17;345336;261168;302418;197606;344822;240010
09.04.2018;12,95;11,72;318312;211992;273602;172623;318120;217141
10.04.2018;14,11;13,17;292104;166512;254874;167133;292085;204344
11.04.2018;12,83;13,08;307704;195816;264601;173936;305534;214869
12.04.2018;15,51;14,44;291576;137352;253366;160243;291481;198358
13.04.2018;14,28;14,4;298536;160272;255253;165705;298536;208988
14.04.2018;13,63;14;287016;165384;249109;162027;287016;199934
15.04.2018;12,69;13,34;236472;192336;202472;133110;236472;167110
16.04.2018;14,17;13,71;296784;164016;252190;187911;296784;232505
17.04.2018;12,32;12,95;288072;210000;246028;163217;288053;205242
18.04.2018;14,74;13,88;228168;156864;196961;125962;227001;156002
19.04.2018;16,13;15,12;216840;125352;190051;120343;216840;147132
20.04.2018;18,1;16,74;187008;97800;165229;106591;187008;128370
21.04.2018;14,49;15,69;190536;140280;170599;115264;190536;135201
22.04.2018;17,43;16,65;189144;99240;169272;102657;188846;122231
23.04.2018;15;15,79;218856;132456;194239;134137;218856;158754
24.04.2018;13,84;14,67;250584;157968;216752;139479;250584;173311
25.04.2018;12,83;13,7;281184;179328;241392;161706;281184;201498
26.04.2018;10,15;11,68;332424;272040;284725;188115;332424;235814
27.04.2018;10,86;11,13;283752;254736;245029;154961;283752;193684
28.04.2018;14,13;12,64;222096;172056;198798;124220;222096;147518
29.04.2018;16,47;14,68;200832;127896;181315;115543;200832;135060
30.04.2018;14,93;14,96;215472;140904;193289;133123;215472;155306
01.05.2018;9,74;12,31;290064;268920;255794;176950;290064;211220
02.05.2018;12,39;12,29;293160;207624;251940;161480;293141;202681
03.05.2018;12,02;12,01;293568;220416;254111;171152;292529;209570
04.05.2018;11,23;11,5;273816;246888;237393;151852;273816;188275
05.05.2018;11,77;11,7;246744;227016;222198;147776;246744;172322
06.05.2018;13,72;12,75;217224;172848;196432;122047;217224;142839
07.05.2018;15,3;14,14;203064;137712;182608;117098;203064;137554
08.05.2018;16,35;15,41;187992;116904;165240;109422;187992;132174
09.05.2018;17,65;16,73;163464;96456;144240;88691;163464;107915
10.05.2018;16,72;16,82;163488;109632;147531;97177;163488;113134
11.05.2018;14,25;15,5;185520;149688;164509;112579;185520;133590
12.05.2018;16,92;16,23;171312;102240;154047;105220;171312;122485
13.05.2018;17,98;17,12;147672;92976;132367;90773;147672;106078
14.05.2018;16,68;16,9;147192;109104;128594;87973;147192;106571
15.05.2018;14,92;15,93;181128;135312;159986;109683;181128;130825
16.05.2018;14,65;15,21;209520;144048;183261;122308;209520;148567
17.05.2018;15,5;15,27;237360;129456;212367;137889;237360;162882
18.05.2018;14,79;14,97;285336;144336;253195;170017;283870;200692
19.05.2018;13,52;14,2;221040;164016;199294;124354;221040;146100
20.05.2018;14,58;14,39;201312;149520;181249;121104;201312;141167
21.05.2018;15,53;14,96;174384;128520;154144;95753;174384;115993
22.05.2018;16;15,52;169320;123672;147480;95753;169320;117593
23.05.2018;17,41;16,59;152712;101304;132780;84792;152712;104724
24.05.2018;18,44;17,65;150168;88008;130831;86795;150168;106132
25.05.2018;18,39;18,11;143592;85968;126863;83989;143592;100718
26.05.2018;18,63;18,46;130752;81504;119175;79049;130752;90626
27.05.2018;19,98;19,31;128520;72480;116871;77206;128520;88855
28.05.2018;22,29;20,93;121320;62592;108246;70084;121320;83158
29.05.2018;22,49;21,84;118464;61488;105538;69805;118464;82731
30.05.2018;21,5;21,77;121104;64680;109377;74678;121104;86405
31.05.2018;22,72;22,34;118152;59832;106163;69414;118152;81403
01.06.2018;22,77;22,57;116280;59808;102788;68766;116280;82258
02.06.2018;18,85;20,59;128040;77208;115712;77498;128040;89826
03.06.2018;20,04;20,27;123000;71088;109790;72797;123000;86007
04.06.2018;20,06;20,07;123168;72864;107629;71556;123168;87095
05.06.2018;19,21;19,52;138360;72432;120896;80722;138360;98186
06.06.2018;19,34;19,45;125904;71136;110490;70779;125904;86193
07.06.2018;21,04;20,28;126120;67512;112048;74996;126120;89068
08.06.2018;22,15;21,28;116400;63312;104152;67206;116400;79454
09.06.2018;22,9;22,21;115896;58752;104922;68760;115896;79734
10.06.2018;22,59;22,51;121440;59592;110284;74310;121440;85466
11.06.2018;19,39;20,9;129336;75096;113967;75096;129336;90465
12.06.2018;17,03;18,79;141384;101640;122411;82291;141384;101264
13.06.2018;15,42;16,86;171168;122136;148211;98998;169864;120651
14.06.2018;17,56;17,04;155352;99816;139349;87531;155352;103534
15.06.2018;17,93;17,44;137136;96696;121623;79274;137136;94787
16.06.2018;20,13;18,89;118632;74808;105511;67136;118632;80257
17.06.2018;18,83;18,97;125304;81888;110691;73677;125304;88290
18.06.2018;18,81;18,93;127296;83376;109241;72734;127296;90789
19.06.2018;20,32;19,71;127008;72048;112253;75703;126540;89990
20.06.2018;21,58;20,69;121104;65808;106444;68270;120884;82710
21.06.2018;16,39;18,46;139320;107376;120145;84129;138665;102649
22.06.2018;14,14;16,14;173448;148584;150073;99411;171402;120740
23.06.2018;13,64;14,67;187008;160224;168313;113409;187008;132104
24.06.2018;14,14;14,16;195240;152976;174438;115766;195240;136568
25.06.2018;15,87;15;171888;130560;147216;90264;171024;114072
26.06.2018;17,86;16,55;164352;101808;139454;89341;162796;112683
27.06.2018;18,2;17,53;144912;95904;121833;81117;143402;102686
28.06.2018;19,76;18,83;128640;80304;112172;74032;128640;90500
29.06.2018;20,53;19,84;123240;71112;105927;69772;123240;87085
30.06.2018;16,73;18,25;122520;102816;107173;71177;122520;86524
01.07.2018;15,85;16,97;129816;113952;113601;76685;129816;92900
02.07.2018;16,73;16,75;132336;105504;112273;74981;132336;95044
03.07.2018;19,93;18,32;118224;77160;102739;69743;118224;85228
04.07.2018;22,9;20,82;115608;63072;102164;68246;115608;81690
05.07.2018;22,15;21,69;110400;63240;97714;64735;110400;77421
06.07.2018;18,6;20,21;119784;82104;105356;71824;119784;86252
07.07.2018;19;19,57;120912;78336;108713;73175;120912;85374
08.07.2018;19,45;19,4;118248;76944;106783;71812;118248;83277
09.07.2018;18,66;18,91;124536;83616;107173;72184;124536;89547
10.07.2018;15,58;17,15;134328;123312;116260;79464;134328;97532
11.07.2018;16,81;16,9;146616;103080;128091;87188;146616;105713
12.07.2018;17,9;17,35;150408;93768;131697;89521;150408;108232
13.07.2018;20,43;18,95;128424;72912;112117;75096;128424;91403
14.07.2018;19,7;19,46;119568;77040;106034;68466;119568;82000
15.07.2018;19,38;19,51;125688;75264;109791;73273;125688;89170
16.07.2018;20,58;20,13;112032;69792;96324;61552;112032;77260
17.07.2018;22,49;21,38;115824;61896;104071;68688;115824;80441
18.07.2018;21,1;21,29;128016;65688;97350;64863;126926;94439
19.07.2018;20,58;20,97;135792;68208;102203;67907;135792;101496
20.07.2018;22,05;21,56;121776;61272;100594;65591;121776;86773
21.07.2018;23,48;22,55;109848;56832;97144;65024;109848;77728
22.07.2018;22,61;22,63;112224;60240;100784;68551;112224;79991
23.07.2018;22,18;22,46;114072;62352;96666;64607;114054;81995
24.07.2018;24,28;23,44;118968;56376;98662;65520;118968;85826
25.07.2018;24,98;24,26;119064;54624;90207;60569;119064;89426
26.07.2018;24,92;24,67;114456;54432;92426;63309;114456;85339
27.07.2018;24,91;24,88;113616;54168;91472;62238;113616;84382
28.07.2018;24,79;24,85;104688;52296;92645;62452;104688;74495
29.07.2018;23,39;24,07;109080;56136;96848;64418;109080;76650
30.07.2018;25,81;24,97;117312;53400;90891;60630;117312;87051
31.07.2018;27,28;26,2;105288;51864;86640;59370;105111;77841
01.08.2018;25,28;25,76;100872;53256;89132;59342;99997;70207
02.08.2018;25,15;25,51;109896;52992;95651;63440;109896;77685
03.08.2018;25,75;25,63;104208;52200;94390;62516;104208;72334
04.08.2018;25,24;25,37;97248;51648;87283;59469;97248;69434
05.08.2018;20,93;23;107952;63768;95099;63434;107952;76287
06.08.2018;23,11;22,99;119712;57336;94479;63441;119551;88513
07.08.2018;27,15;25,12;124632;51768;92308;62832;123019;93543
08.08.2018;26,92;26,07;120936;51720;87845;58208;120848;91211
09.08.2018;25,84;26,12;119376;52680;91285;60855;117829;87399
10.08.2018;20,03;22,97;127392;69264;93916;62770;127392;96246
11.08.2018;18,12;20,25;135648;82656;96624;65113;135648;104137
12.08.2018;19,98;19,88;124392;70104;101290;68123;124392;91225
13.08.2018;22,19;20,91;109608;61344;95540;64316;109608;78384
14.08.2018;20,27;20,6;120120;71208;103838;70540;119007;85709
15.08.2018;19,76;20,23;118464;73008;101338;67611;117023;83296
16.08.2018;22,46;21,43;113448;61800;99897;66980;113448;80531
17.08.2018;22,91;22,19;109488;59568;97955;64544;109488;76077
18.08.2018;19,83;21;108528;69600;97994;64834;108528;75368
19.08.2018;22,52;21,85;112992;59928;101271;66878;112992;78599
20.08.2018;21,3;21,54;83568;65544;71249;47298;83568;59617
21.08.2018;19,48;20,39;151584;74472;130711;93625;151584;114498
22.08.2018;22,24;21,4;103704;61320;85940;52915;103704;70679
23.08.2018;24,28;22,9;114072;56736;99753;66148;114072;80467
24.08.2018;19,17;20,96;113304;76656;99041;66227;113304;80490
25.08.2018;15,33;18,01;130200;119520;116763;79867;130181;93285
26.08.2018;15,47;16,51;154320;123288;136804;93873;154320;111389
27.08.2018;18,27;17,19;145248;89664;128854;83323;145248;99717
28.08.2018;16,95;17;143760;104928;125922;84232;143146;101456
29.08.2018;20,99;19,18;140328;72264;123012;79977;138127;95092
30.08.2018;16,99;18,14;140592;100584;121378;80527;140592;99741
31.08.2018;15,22;16,58;165840;125088;145785;95107;165840;115162
01.09.2018;16,2;16,36;151368;112560;133168;89393;151368;107593
02.09.2018;16,76;16,42;175008;108720;155962;103662;175008;122708
03.09.2018;20,12;18,37;144408;76416;126626;85229;143681;102284
04.09.2018;19,23;18,94;141648;80688;122417;82169;140159;99911
05.09.2018;18,25;18,66;141888;88584;124952;83556;141888;100492
06.09.2018;19,97;19,42;141576;75648;125318;82215;141576;98473
07.09.2018;16,85;18,03;134472;101376;119312;79714;134472;94874
08.09.2018;16,05;16,93;149880;112272;132289;87983;149880;105574
09.09.2018;17,72;17,31;146184;93480;127476;85107;146184;103815
10.09.2018;19,24;18,25;140208;81120;121587;80333;138856;97602
11.09.2018;19,87;19,16;129000;76704;115261;75690;129000;89429
12.09.2018;19,43;19,41;124800;77184;109582;72726;124781;87925
13.09.2018;13,75;16,45;166344;151152;144455;95658;166306;117509
14.09.2018;15,49;15,84;169392;123960;147081;96939;169373;119231
15.09.2018;15,04;15,28;165144;128928;144772;96147;165144;116519
16.09.2018;15,87;15,46;164568;119784;144744;96420;164568;116244
17.09.2018;17,91;16,82;150624;95376;130500;86473;150624;106597
18.09.2018;21,25;19,23;134832;70560;117103;76833;134832;94562
19.09.2018;21,95;20,82;132000;65808;114349;74906;132000;92557
20.09.2018;20,8;20,97;148800;69096;103082;69650;148800;115368
21.09.2018;18;19,49;187848;86472;116734;79531;187848;150645
22.09.2018;14,49;16,76;239208;135384;166041;112657;239208;185824
23.09.2018;11,1;13,57;279960;219408;207382;140656;279960;213234
24.09.2018;9,9;11,37;356208;282168;267129;180342;356208;269421
25.09.2018;9,44;10,12;389256;313416;278762;182366;389256;292860
26.09.2018;12,3;11,14;367944;228072;258002;161342;367944;271284
27.09.2018;15,15;13,28;308064;157992;203313;133426;308064;238177
28.09.2018;10,78;12,06;399864;261528;267891;175183;399864;307156
29.09.2018;8,9;10,46;432744;315360;295255;195476;432744;332965
30.09.2018;10,48;10,41;405888;272040;290578;190508;405888;305818
01.10.2018;9,53;9,78;486408;315360;334334;215533;486408;367607
02.10.2018;9,86;9,79;504024;313584;370640;242945;504024;376329
03.10.2018;11,3;10,63;442536;264720;331409;208128;442536;319255
04.10.2018;11,73;11,22;429552;258360;326306;210181;429513;313388
05.10.2018;13,28;12,37;387744;212808;288522;180647;387744;279869
06.10.2018;16,7;14,77;323904;132072;234755;150252;323904;239401
07.10.2018;11,04;12,89;407856;240240;305745;203048;407856;305159
08.10.2018;11,47;12,17;450000;236904;331673;217224;450000;335551
09.10.2018;13,1;12,63;327768;202680;226926;148998;327748;249820
10.10.2018;14,42;13,45;299112;176880;203430;147887;299112;243569
11.10.2018;15,01;14,36;293856;159888;184336;131686;293611;240961
12.10.2018;16,78;15,75;309912;123120;212595;148200;308214;243819
13.10.2018;16,52;16,25;265080;115848;178450;116876;265080;203506
14.10.2018;14,91;15,6;274440;136464;225203;149034;274440;198271
15.10.2018;14,7;15,14;295584;147600;217350;140279;295546;218475
16.10.2018;14,64;14,82;346968;156960;242245;154954;346968;259677
17.10.2018;14,44;14,56;315000;158832;237993;153432;314981;230420
18.10.2018;12,82;13,62;340560;196152;276847;177990;340560;241703
19.10.2018;9,72;11,5;357360;295776;296741;192541;357360;253160
20.10.2018;9,96;10,58;373104;296760;319043;205266;373084;259307
21.10.2018;10,34;10,32;369384;292632;311780;203926;369364;261510
22.10.2018;9,29;9,69;447600;343344;383961;256111;447580;319730
23.10.2018;11,58;10,7;448128;270792;377247;240378;448108;311239
24.10.2018;11,5;11,15;428016;272616;367261;236687;427997;297423
25.10.2018;11,88;11,57;390936;252600;332087;209622;390936;268471
26.10.2018;10,72;11,19;422064;289464;365241;239102;422025;295886
27.10.2018;6,88;8,88;468072;418080;418419;284755;468033;334369
28.10.2018;5,52;7;461592;492768;383596;260988;461552;338944
29.10.2018;6,03;6,32;558096;478728;454887;336982;558076;440171
30.10.2018;10,38;8,34;490416;306936;416671;284490;490396;358215
31.10.2018;7,26;7,81;498096;423936;427330;285404;498056;356130
01.11.2018;8,87;8,45;505560;356760;416212;274321;503295;361404
02.11.2018;8,51;8,56;496248;385440;419934;277700;496248;354014
03.11.2018;7,98;8,19;497208;403608;424726;282436;497169;354879
04.11.2018;9,78;9,07;485616;333888;417143;276796;485596;345249
05.11.2018;10,58;9,88;497328;294696;419909;277691;497270;355052
06.11.2018;10,86;10,45;464952;277776;397894;255696;464778;322580
07.11.2018;10,73;10,68;431160;280800;360881;231028;430618;300765
08.11.2018;10,35;10,53;427392;300672;358027;230271;426445;298689
09.11.2018;9,75;10,11;483768;315624;408830;278653;476151;345974
10.11.2018;11,75;10,96;417792;262536;356806;221370;417773;282337
11.11.2018;12,51;11,8;425808;228576;366114;240554;425789;300229
12.11.2018;13,41;12,7;400968;219192;340437;228370;400968;288901
13.11.2018;10,57;11,66;435600;292800;364785;237125;435561;307901
14.11.2018;7,56;9,47;497088;397896;412757;278047;492959;358249
15.11.2018;5,34;7,17;572256;504384;449504;310330;540431;401257
16.11.2018;3,95;5,24;576816;568776;482762;340446;576816;434500
17.11.2018;1,01;2,81;613800;689976;522425;380059;613780;471414
18.11.2018;2,59;2,53;612480;650640;510203;367790;612460;470047
19.11.2018;2,44;2,39;646200;669384;523006;380666;646200;503860
20.11.2018;0,9;1,54;684720;740736;552328;409959;684339;541970
21.11.2018;1,25;1,4;686136;736800;556003;413607;686136;543740
22.11.2018;2,32;1,85;671424;682176;542342;399951;671424;529033
23.11.2018;2,47;2,16;642360;678144;528698;386343;642360;500005
24.11.2018;3,2;2,76;554184;647160;460172;351888;554184;445900
25.11.2018;4,63;3,81;516600;582912;419031;328037;516580;425586
26.11.2018;1,85;2,81;648288;719880;516675;397417;648268;529010
27.11.2018;0,11;1,38;729864;767808;584585;442198;729864;587477
28.11.2018;0,6;0,9;716136;774888;568167;425755;715690;573278
29.11.2018;3,88;2,37;606168;629208;477309;356660;605709;485060
30.11.2018;5,13;3,86;566376;583416;443502;348620;556462;461580
01.12.2018;7,18;5,75;548568;485880;464132;348555;548548;432971
02.12.2018;10,23;8,31;513840;359904;441142;306760;513801;379419
03.12.2018;10,52;9,64;493032;327744;414444;276906;492973;355435
04.12.2018;4,44;7,02;588120;549840;478832;339853;588100;449121
05.12.2018;4,04;5,42;635448;589104;507972;365649;635448;493125
06.12.2018;9,55;7,46;557064;369912;455089;316742;555358;417011
07.12.2018;9,86;8,64;513912;351144;439223;297516;512445;370738
08.12.2018;8,17;8,53;541968;410136;465842;324417;541948;400523
09.12.2018;7,07;7,9;547320;435960;458191;321989;547320;411118
10.12.2018;4,92;6,26;615816;542712;484273;358090;615678;489495
11.12.2018;3,75;4,8;627456;605304;508484;378130;627196;496842
12.12.2018;1,28;2,81;640536;707712;517858;392650;640335;515127
13.12.2018;0,19;1,27;650256;767160;528375;402003;649993;523621
14.12.2018;-0,64;0,13;688704;800472;560290;425026;688541;553277
15.12.2018;-1,3;-0,75;627480;812064;518462;402074;627378;510990
16.12.2018;0,34;-0,24;613704;779112;496962;409305;613704;526047
17.12.2018;4,13;2,08;596424;630264;464685;370946;596079;502340
18.12.2018;2,8;2,55;649872;678456;519106;401807;649166;531867
19.12.2018;3,19;3,02;647520;656736;519300;377396;646879;504975
20.12.2018;6,1;4,75;607944;527352;493014;351149;606579;464714
21.12.2018;9,05;7,07;552408;402576;468993;326794;552329;410130
22.12.2018;7,94;7,67;531672;420408;462048;320537;531613;390102
23.12.2018;6,6;7,25;545568;469848;470894;330481;545508;405095
24.12.2018;3,44;5,26;607656;621960;520988;378663;607595;465270
25.12.2018;4,96;4,97;570792;554424;490092;347796;570772;428476
26.12.2018;5,24;5,02;519528;549720;443362;326859;519488;402985
27.12.2018;4,68;4,78;567648;572832;489283;363807;567262;441786
28.12.2018;5,51;5,22;561696;522816;489533;347243;561636;419346
29.12.2018;6,75;6,04;550728;472536;480085;337858;550649;408422
30.12.2018;6,3;6,21;545736;498816;474060;332405;545696;404041
31.12.2018;7,1;6,73;536280;474840;467268;325016;536220;393968
